{
	"pages": [
		{
			"path": "pages/index/index",
			"style": {
				// #ifdef MP
				"navigationBarTitleText": "mallcloud商城",
				//"navigationStyle": "custom",
				// #endif
				"app-plus": {
					"titleNView": {
						"type": "transparent",
						"searchInput": {
							"backgroundColor": "rgba(231, 231, 231,.7)",
							"borderRadius": "16px",
							"placeholder": "请输入地址 如：大钟寺",
							"disabled": true,
							"placeholderColor": "#606266"
						},
						"buttons": [{
							"fontSrc": "/static/yticon.ttf",
							"text": "\ue60d",
							"fontSize": "26",
							"color": "#303133",
							"float": "left",
							"background": "rgba(0,0,0,0)"
						},
							{
								"fontSrc": "/static/yticon.ttf",
								"text": "\ue744",
								"fontSize": "27",
								"color": "#303133",
								"background": "rgba(0,0,0,0)",
								"redDot": true
							}
						]
					}
				}
			}
		},{
			"path": "pages/reward/index",
			"style": {
				"navigationBarTitleText": "抽奖系统",
				"app-plus": {
					"titleNView": {
						"type": "transparent"
					}
				}
			}
		},{
			"path": "pages/search/search",
			"style": {
				"navigationBarTitleText": "搜索框",
				"app-plus": {
					"titleNView": {
						"type": "transparent"
					}
				}
			}
		},
		{
			"path": "pages/product/giftProduct",
			"style": {
				"navigationBarTitleText": "积分详情展示",
				"app-plus": {
					"titleNView": {
						"type": "transparent"
					}
				}
			}
		},
		{
			"path": "pages/product/groupProduct",
			"style": {
				"navigationBarTitleText": "团购详情展示",
				"app-plus": {
					"titleNView": {
						"type": "transparent"
					}
				}
			}
		},
		{
			"path": "pages/index/secskill",
			"style": {
				"navigationBarTitleText": "秒杀列表",
				"app-plus": {
					"titleNView": {
						"type": "transparent"
					}
				}
			}
		},{
			"path": "pages/notice/subjectList",
			"style": {
				"navigationBarTitleText": "秒杀列表",
				"app-plus": {
					"titleNView": {
						"type": "transparent"
					}
				}
			}
		},{
			"path": "pages/notice/subjectDetail",
			"style": {
				"navigationBarTitleText": "详情展示",
				"app-plus": {
					"titleNView": {
						"type": "transparent"
					}
				}
			}
		},{
			"path": "pages/order/orderDetail",
			"style": {
				"navigationBarTitleText": "详情展示",
				"app-plus": {
					"titleNView": {
						"type": "transparent"
					}
				}
			}
		},
		{
			"path": "pages/product/product",
			"style": {
				"navigationBarTitleText": "详情展示",
				"app-plus": {
					"titleNView": {
						"type": "transparent"
					}
				}
			}
		},{
			"path": "pages/store/school",
			"style": {
				"navigationBarTitleText": "学校详情展示",
				"app-plus": {
					"titleNView": {
						"type": "transparent"
					}
				}
			}
		},{
			"path": "pages/store/store",
			"style": {
				"navigationBarTitleText": "店铺详情展示",
				"app-plus": {
					"titleNView": {
						"type": "transparent"
					}
				}
			}
		}, {
			"path": "pages/set/set",
			"style": {
				"navigationBarTitleText": "设置"
			}
		},

		{
			"path": "pages/userinfo/userinfo",
			"style": {
				"navigationBarTitleText": "修改资料"
			}
		}, {
			"path": "pages/cart/cart",
			"style": {
				"navigationBarTitleText": "购物车"
			}
		}, {
			"path": "pages/public/login",
			"style": {
				"navigationBarTitleText": "",
				"navigationStyle": "custom",
				"app-plus": {
					"titleNView": false,
					"animationType": "slide-in-bottom"
				}
			}
		}, {
			"path": "pages/public/index",
			"style": {
				"navigationBarTitleText": "",
				"navigationStyle": "custom",
				"app-plus": {
					"titleNView": false,
					"animationType": "slide-in-bottom"
				}
			}
		}, {
			"path": "pages/public/index1",
			"style": {
				"navigationBarTitleText": "",
				"navigationStyle": "custom",
				"app-plus": {
					"titleNView": false,
					"animationType": "slide-in-bottom"
				}
			}
		},  {
			"path": "pages/public/reg",
			"style": {
				"navigationBarTitleText": "",
				"navigationStyle": "custom",
				"app-plus": {
					"titleNView": false,
					"animationType": "slide-in-bottom"
				}
			}
		},{
			"path": "pages/user/user",
			"style": {
				"navigationBarTitleText": "我的",
				// #ifdef MP
				"navigationStyle": "custom",
				// #endif

				"app-plus": {
					"bounce": "none",
					"titleNView": {
						"type": "transparent",
						"buttons": [{
							"fontSrc": "/static/yticon.ttf",
							"text": "\ue60f",
							"fontSize": "24",
							"color": "#303133",
							"width": "46px",
							"background": "rgba(0,0,0,0)"
						},
							{
								"fontSrc": "/static/yticon.ttf",
								"text": "\ue744",
								"fontSize": "28",
								"color": "#303133",
								"background": "rgba(0,0,0,0)",
								"redDot": true
							}
						]
					}
				}
			}
		}, {
			"path": "pages/detail/detail",
			"style": {
				"navigationBarTitleText": "",
				"app-plus": {
					"titleNView": {
						"type": "transparent"
					}
				}
			}
		}, {
			"path": "pages/order/order",
			"style": {
				"navigationBarTitleText": "我的订单",
				"enablePullDownRefresh": true,
				"app-plus": {
					"bounce": "none"
				}
			}
		}, {
			"path": "pages/user/collect",
			"style": {
				"navigationBarTitleText": "我的收藏",
				"app-plus": {
					"bounce": "none"
				}
			}
		}, {
			"path": "pages/money/money",
			"style": {}
		}, {
			"path": "pages/order/createOrder",
			"style": {
				"navigationBarTitleText": "创建订单"
			}
		}, {
			"path": "pages/order/evaluate",
			"style": {
				"navigationBarTitleText": "订单评价"
			}
		}, {
			"path": "pages/address/address",
			"style": {
				"navigationBarTitleText": "收货地址"
			}
		}, {
			"path": "pages/address/addressManage",
			"style": {
				"navigationBarTitleText": ""
			}
		}, {
			"path": "pages/money/pay",
			"style": {
				"navigationBarTitleText": "支付"
			}
		},
		{
			"path": "pages/money/paySuccess",
			"style": {
				"navigationBarTitleText": "支付成功"
			}
		}
	,{
			"path" : "pages/notice/notice",
			"style" : {
				"navigationBarTitleText": "通知"
			}
		}
	,{
			"path" : "pages/category/category",
			"style" : {
				"navigationBarTitleText": "分类",
				"app-plus": {
					"bounce": "none"
				}
			}
		} ,{
			"path" : "pages/product/groupList",
			"style" : {
				"enablePullDownRefresh": true,
				"navigationBarTitleText": "团购商品列表"
			}
		} ,{
			"path" : "pages/product/giftList",
			"style" : {
				"enablePullDownRefresh": true,
				"navigationBarTitleText": "积分商品列表"
			}
		}
	,{
			"path" : "pages/product/groupActivityDetail",
			"style" : {
				"enablePullDownRefresh": true,
				"navigationBarTitleText": "团购商品详情"
			}
		}
	,{
			"path" : "pages/product/groupActivityList",
			"style" : {
				"enablePullDownRefresh": true,
				"navigationBarTitleText": "团购商品列表"
			}
		},{
			"path" : "pages/product/paiMaiDetail",
			"style" : {
				"enablePullDownRefresh": true,
				"navigationBarTitleText": "商品拍卖详情"
			}
		}
	,{
			"path" : "pages/product/secskillDetail",
			"style" : {
				"enablePullDownRefresh": true,
				"navigationBarTitleText": "商品秒杀详情"
			}
		}
	,{
			"path" : "pages/product/paiMaiList",
			"style" : {
				"enablePullDownRefresh": true,
				"navigationBarTitleText": "商品拍卖列表"
			}
		}

	,{
			"path" : "pages/store/schoolList",
			"style" : {
				"enablePullDownRefresh": true,
				"navigationBarTitleText": "学校列表"
			}
		},{
			"path" : "pages/product/discountList",
			"style" : {
				"enablePullDownRefresh": true,
				"navigationBarTitleText": "折扣列表"
			}
		}
	,{
			"path" : "pages/product/list",
			"style" : {
				"enablePullDownRefresh": true,
				"navigationBarTitleText": "商品列表"
			}
		} ,{
			"path" : "pages/store/list",
			"style" : {
				"enablePullDownRefresh": true,
				"navigationBarTitleText": "商铺列表"
			}
		}
	,{
			"path" : "pages/user/profile",
			"style" : {
				"enablePullDownRefresh": true,
				"navigationBarTitleText": "个人信息"
			}
		},{
			"path" : "pages/user/share",
			"style" : {
				"enablePullDownRefresh": true,
				"navigationBarTitleText": "推广信息"
			}
		}
	,{
			"path": "pages/order/payment/index",
			"style": {
				"navigationBarTitleText": "支付"
			}
		},
		{
			"path": "pages/order/payment/auth",
			"style": {
				"navigationBarTitleText": "等待支付"
			}
		},
		{
			"path": "pages/order/payment/result",
			"style": {
				"navigationBarTitleText": "支付结果"
			}
		},{
			"path" : "pages/search/citySelect",
			"style" : {
				"enablePullDownRefresh": true,
				"navigationBarTitleText": "test"
			}
		},{
			"path" : "pages/search/comment",
			"style" : {
				"enablePullDownRefresh": true,
				"navigationBarTitleText": "test"
			}
		},{
			"path" : "pages/search/coupon",
			"style" : {
				"enablePullDownRefresh": true,
				"navigationBarTitleText": "test"
			}
		},{
			"path" : "pages/search/exam_testing",
			"style" : {
				"enablePullDownRefresh": true,
				"navigationBarTitleText": "test"
			}
		},{
			"path" : "pages/search/tagSelect",
			"style" : {
				"enablePullDownRefresh": true,
				"navigationBarTitleText": "test"
			}
		},{
			"path" : "pages/search/tkitree",
			"style" : {
				"enablePullDownRefresh": true,
				"navigationBarTitleText": "test"
			}
		}
	,{
			"path" : "pages/search/sh1",
			"style" : {
				"enablePullDownRefresh": true,
				"navigationBarTitleText": "test"
			}
		},{
			"path" : "pages/search/test",
			"style" : {
				"enablePullDownRefresh": true,
				"navigationBarTitleText": "test"
			}
		},{
			"path" : "pages/user/sign",
			"style" : {
				"enablePullDownRefresh": true,
				"navigationBarTitleText": "test"
			}
		}
	],
	"globalStyle": {
		"navigationBarTextStyle": "black",
		"navigationBarTitleText": "uni-app",
		"navigationBarBackgroundColor": "#FFFFFF",
		"backgroundColor": "#f8f8f8"
	},
	"tabBar": {
		"color": "#C0C4CC",
		"selectedColor": "#fa436a",
		"borderStyle": "black",
		"backgroundColor": "#ffffff",
		"list": [{
			"pagePath": "pages/index/index",
			"iconPath": "static/tab-home.png",
			"selectedIconPath": "static/tab-home-current.png",
			"text": "首页"
		},
			{
				"pagePath": "pages/category/category",
				"iconPath": "static/tab-cate.png",
				"selectedIconPath": "static/tab-cate-current.png",
				"text": "分类"
			},
			{
				"pagePath": "pages/cart/cart",
				"iconPath": "static/tab-cart.png",
				"selectedIconPath": "static/tab-cart-current.png",
				"text": "购物车"
			},
			{
				"pagePath": "pages/user/user",
				"iconPath": "static/tab-my.png",
				"selectedIconPath": "static/tab-my-current.png",
				"text": "我的"
			}
		]
	}
}
